/*
 Navicat Premium Data Transfer

 Source Server         : java_mysql
 Source Server Type    : MySQL
 Source Server Version : 80022
 Source Host           : localhost:3306
 Source Schema         : crm

 Target Server Type    : MySQL
 Target Server Version : 80022
 File Encoding         : 65001

 Date: 28/03/2021 05:37:09
*/

SET NAMES utf8mb4;
SET FOREIGN_KEY_CHECKS = 0;

-- ----------------------------
-- Table structure for tbl_activity
-- ----------------------------
DROP TABLE IF EXISTS `tbl_activity`;
CREATE TABLE `tbl_activity`  (
  `id` char(32) CHARACTER SET utf8 COLLATE utf8_general_ci NOT NULL COMMENT '记录id',
  `owner` char(32) CHARACTER SET utf8 COLLATE utf8_general_ci NULL DEFAULT NULL COMMENT '拥有者',
  `name` varchar(255) CHARACTER SET utf8 COLLATE utf8_general_ci NULL DEFAULT NULL COMMENT '活动名称',
  `startDate` char(10) CHARACTER SET utf8 COLLATE utf8_general_ci NULL DEFAULT NULL COMMENT '开始日期',
  `endDate` char(10) CHARACTER SET utf8 COLLATE utf8_general_ci NULL DEFAULT NULL COMMENT '结束日期',
  `cost` varchar(255) CHARACTER SET utf8 COLLATE utf8_general_ci NULL DEFAULT NULL COMMENT '费用',
  `description` varchar(255) CHARACTER SET utf8 COLLATE utf8_general_ci NULL DEFAULT NULL COMMENT '描述',
  `createTime` char(19) CHARACTER SET utf8 COLLATE utf8_general_ci NULL DEFAULT NULL COMMENT '创建时间',
  `createBy` varchar(255) CHARACTER SET utf8 COLLATE utf8_general_ci NULL DEFAULT NULL COMMENT '创建人',
  `editTime` char(19) CHARACTER SET utf8 COLLATE utf8_general_ci NULL DEFAULT NULL COMMENT '修改时间',
  `editBy` varchar(255) CHARACTER SET utf8 COLLATE utf8_general_ci NULL DEFAULT NULL COMMENT '修改人',
  PRIMARY KEY (`id`) USING BTREE
) ENGINE = InnoDB CHARACTER SET = utf8 COLLATE = utf8_general_ci ROW_FORMAT = Dynamic;

-- ----------------------------
-- Records of tbl_activity
-- ----------------------------
INSERT INTO `tbl_activity` VALUES ('0a6355bfa6154f00994667eacbe50148', '40f6cdea0bd34aceb77492a1656d9fb3', '百度推广', '2021-03-01', '2021-03-05', '1000', '', '2021-03-05 23:32:49', '张三', NULL, NULL);
INSERT INTO `tbl_activity` VALUES ('345d95aa64c7470ba6ee20ae23019e19', '40f6cdea0bd34aceb77492a1656d9fb3', '老干妈联名', '2021-03-06', '2021-04-10', '15000', '', '2021-03-05 23:50:45', '张三', NULL, NULL);
INSERT INTO `tbl_activity` VALUES ('397282b36670419c8901f26939142cab', '40f6cdea0bd34aceb77492a1656d9fb3', '搜狗推广', '2021-03-03', '2021-03-09', '200', '', '2021-03-05 23:33:11', '张三', NULL, NULL);
INSERT INTO `tbl_activity` VALUES ('3c54c57cd29b4094841a20576fe53e53', '40f6cdea0bd34aceb77492a1656d9fb3', '骚扰电话', '2021-03-03', '2021-03-31', '1000', '', '2021-03-08 18:52:42', '张三', NULL, NULL);
INSERT INTO `tbl_activity` VALUES ('41287cc34e134b979022910605b14eff', '40f6cdea0bd34aceb77492a1656d9fb3', '淘宝首页推广', '2021-03-07', '2021-03-13', '20000', '', '2021-03-05 23:48:23', '张三', NULL, NULL);
INSERT INTO `tbl_activity` VALUES ('530c1bcb5ada48e4b398f484db0c30ff', '40f6cdea0bd34aceb77492a1656d9fb3', '滴滴推广', '2021-03-03', '2021-03-07', '2000', '', '2021-03-05 23:33:30', '张三', NULL, NULL);
INSERT INTO `tbl_activity` VALUES ('6629118f32f140c99d6c7ec3841b7df1', '40f6cdea0bd34aceb77492a1656d9fb3', '拼多多推广', '2021-03-07', '2021-03-13', '5000', '', '2021-03-05 23:48:37', '张三', NULL, NULL);
INSERT INTO `tbl_activity` VALUES ('7e1cbd6b72774938b2feb08112520eb8', '40f6cdea0bd34aceb77492a1656d9fb3', 'qq飞车推广', '2021-03-06', '2021-03-23', '110000', '', '2021-03-05 23:48:00', '张三', '2021-03-08 17:21:24', '张三');
INSERT INTO `tbl_activity` VALUES ('81530a80464e40d4994ddae0fc48a4ae', '40f6cdea0bd34aceb77492a1656d9fb3', '诈骗', '2021-03-01', '2021-03-23', '10', '描述', '2021-03-27 23:51:49', '张三', NULL, NULL);
INSERT INTO `tbl_activity` VALUES ('922676f8e8c14565b6e5ca85f4101631', '40f6cdea0bd34aceb77492a1656d9fb3', '厕所推广', '2021-03-05', '2021-03-16', '80', '厕所小贴纸,墙壁电话号', '2021-03-07 20:36:18', '张三', '2021-03-08 17:20:53', '张三');
INSERT INTO `tbl_activity` VALUES ('a217a3ac1bd14d9680139c82fdcbbf8f', '40f6cdea0bd34aceb77492a1656d9fb3', '邮箱轰炸', '2021-03-10', '2021-03-23', '100', '手动阀手动阀', '2021-03-10 02:54:15', '张三', NULL, NULL);
INSERT INTO `tbl_activity` VALUES ('b09b7dda00874e719b163c8b98b026af', '40f6cdea0bd34aceb77492a1656d9fb3', '饿了吗推广', '2021-03-02', '2021-03-06', '3000', '', '2021-03-05 23:47:40', '张三', NULL, NULL);
INSERT INTO `tbl_activity` VALUES ('ddd174b23f034097b1565a0d6caa25c1', '40f6cdea0bd34aceb77492a1656d9fb3', '美团推广', '2021-02-28', '2021-03-06', '5000', '', '2021-03-05 23:33:54', '张三', NULL, NULL);

-- ----------------------------
-- Table structure for tbl_activity_remark
-- ----------------------------
DROP TABLE IF EXISTS `tbl_activity_remark`;
CREATE TABLE `tbl_activity_remark`  (
  `id` char(32) CHARACTER SET utf8 COLLATE utf8_general_ci NOT NULL COMMENT '活动备注id',
  `noteContent` varchar(255) CHARACTER SET utf8 COLLATE utf8_general_ci NULL DEFAULT NULL,
  `createTime` char(19) CHARACTER SET utf8 COLLATE utf8_general_ci NULL DEFAULT NULL,
  `createBy` varchar(255) CHARACTER SET utf8 COLLATE utf8_general_ci NULL DEFAULT NULL,
  `editTime` char(19) CHARACTER SET utf8 COLLATE utf8_general_ci NULL DEFAULT NULL,
  `editBy` varchar(255) CHARACTER SET utf8 COLLATE utf8_general_ci NULL DEFAULT NULL,
  `editFlag` char(1) CHARACTER SET utf8 COLLATE utf8_general_ci NULL DEFAULT NULL COMMENT '0表示未修改，1表示已修改',
  `activityId` char(32) CHARACTER SET utf8 COLLATE utf8_general_ci NULL DEFAULT NULL COMMENT '活动id',
  PRIMARY KEY (`id`) USING BTREE
) ENGINE = InnoDB CHARACTER SET = utf8 COLLATE = utf8_general_ci ROW_FORMAT = Dynamic;

-- ----------------------------
-- Records of tbl_activity_remark
-- ----------------------------
INSERT INTO `tbl_activity_remark` VALUES ('40f6cdea0bd34aceb77492a1656d9fa0', '很棒', '2021-03-05 20:32:49', '张三', NULL, NULL, '0', '3c54c57cd29b4094841a20576fe53e53');
INSERT INTO `tbl_activity_remark` VALUES ('40f6cdea0bd34aceb77492a1656d9fa2', '顶呱呱', '2021-03-05 23:32:49', '张三', '2021-03-08 23:32:49', '张三', '1', '3c54c57cd29b4094841a20576fe53e53');
INSERT INTO `tbl_activity_remark` VALUES ('40f6cdea0bd34aceb77492a1656d9fa3', '不错不错', '2021-03-05 23:32:49', '张三', NULL, NULL, '0', '922676f8e8c14565b6e5ca85f4101631');
INSERT INTO `tbl_activity_remark` VALUES ('6ec85cee5ae6460b8fed4007ea38600a', '阿拉蕾', '2021-03-08 22:05:52', '张三', '2021-03-09 00:28:49', '张三', '1', '3c54c57cd29b4094841a20576fe53e53');

-- ----------------------------
-- Table structure for tbl_clue
-- ----------------------------
DROP TABLE IF EXISTS `tbl_clue`;
CREATE TABLE `tbl_clue`  (
  `id` char(32) CHARACTER SET utf8 COLLATE utf8_general_ci NOT NULL COMMENT '线索id',
  `fullname` varchar(255) CHARACTER SET utf8 COLLATE utf8_general_ci NULL DEFAULT NULL COMMENT '全称',
  `appellation` varchar(255) CHARACTER SET utf8 COLLATE utf8_general_ci NULL DEFAULT NULL COMMENT '称呼',
  `owner` char(32) CHARACTER SET utf8 COLLATE utf8_general_ci NULL DEFAULT NULL COMMENT '拥有者',
  `company` varchar(255) CHARACTER SET utf8 COLLATE utf8_general_ci NULL DEFAULT NULL COMMENT '公司',
  `job` varchar(255) CHARACTER SET utf8 COLLATE utf8_general_ci NULL DEFAULT NULL COMMENT '职位',
  `email` varchar(255) CHARACTER SET utf8 COLLATE utf8_general_ci NULL DEFAULT NULL COMMENT '邮箱',
  `phone` varchar(255) CHARACTER SET utf8 COLLATE utf8_general_ci NULL DEFAULT NULL COMMENT '座机',
  `website` varchar(255) CHARACTER SET utf8 COLLATE utf8_general_ci NULL DEFAULT NULL COMMENT '网站',
  `mphone` varchar(255) CHARACTER SET utf8 COLLATE utf8_general_ci NULL DEFAULT NULL COMMENT '手机',
  `state` varchar(255) CHARACTER SET utf8 COLLATE utf8_general_ci NULL DEFAULT NULL COMMENT '状态',
  `source` varchar(255) CHARACTER SET utf8 COLLATE utf8_general_ci NULL DEFAULT NULL COMMENT '来源',
  `createBy` varchar(255) CHARACTER SET utf8 COLLATE utf8_general_ci NULL DEFAULT NULL COMMENT '创建人',
  `createTime` char(19) CHARACTER SET utf8 COLLATE utf8_general_ci NULL DEFAULT NULL COMMENT '创建时间',
  `editBy` varchar(255) CHARACTER SET utf8 COLLATE utf8_general_ci NULL DEFAULT NULL COMMENT '修改人',
  `editTime` char(19) CHARACTER SET utf8 COLLATE utf8_general_ci NULL DEFAULT NULL COMMENT '修改时间',
  `description` varchar(255) CHARACTER SET utf8 COLLATE utf8_general_ci NULL DEFAULT NULL COMMENT '描述',
  `contactSummary` varchar(255) CHARACTER SET utf8 COLLATE utf8_general_ci NULL DEFAULT NULL COMMENT '纪要',
  `nextContactTime` char(10) CHARACTER SET utf8 COLLATE utf8_general_ci NULL DEFAULT NULL COMMENT '下次联系时间',
  `address` varchar(255) CHARACTER SET utf8 COLLATE utf8_general_ci NULL DEFAULT NULL COMMENT '地址',
  PRIMARY KEY (`id`) USING BTREE
) ENGINE = InnoDB CHARACTER SET = utf8 COLLATE = utf8_general_ci ROW_FORMAT = Dynamic;

-- ----------------------------
-- Records of tbl_clue
-- ----------------------------
INSERT INTO `tbl_clue` VALUES ('7599986ee6ca41098d998a7c4fb26b0b', '琪琪', '夫人', '40f6cdea0bd34aceb77492a1656d9fb3', '公司', '职位', '邮箱', '0241111111', '123@123.com', '138111111', '虚假线索', '推销电话', '张三', NULL, NULL, NULL, '描述', '纪要', '2021-04-06', '地址');
INSERT INTO `tbl_clue` VALUES ('c453c84bc281409a91aaf822d617ab8f', '马云', '夫人', '40f6cdea0bd34aceb77492a1656d9fb3', '公司', '职位', '邮箱', '0241111111', '123@123.com', '138111111', '虚假线索', '推销电话', '张三', NULL, NULL, NULL, '描述', '纪要', '2021-04-06', '地址');

-- ----------------------------
-- Table structure for tbl_clue_activity_relation
-- ----------------------------
DROP TABLE IF EXISTS `tbl_clue_activity_relation`;
CREATE TABLE `tbl_clue_activity_relation`  (
  `id` char(32) CHARACTER SET utf8 COLLATE utf8_general_ci NOT NULL COMMENT '记录id',
  `clueId` char(32) CHARACTER SET utf8 COLLATE utf8_general_ci NULL DEFAULT NULL COMMENT '潜在客户id',
  `activityId` char(32) CHARACTER SET utf8 COLLATE utf8_general_ci NULL DEFAULT NULL COMMENT '活动id',
  PRIMARY KEY (`id`) USING BTREE
) ENGINE = InnoDB CHARACTER SET = utf8 COLLATE = utf8_general_ci ROW_FORMAT = Dynamic;

-- ----------------------------
-- Records of tbl_clue_activity_relation
-- ----------------------------
INSERT INTO `tbl_clue_activity_relation` VALUES ('7599986ee6ca41098d998a7c4fb26b03', '7599986ee6ca41098d998a7c4fb26b0b', '3c54c57cd29b4094841a20576fe53e53');

-- ----------------------------
-- Table structure for tbl_clue_remark
-- ----------------------------
DROP TABLE IF EXISTS `tbl_clue_remark`;
CREATE TABLE `tbl_clue_remark`  (
  `id` char(32) CHARACTER SET utf8 COLLATE utf8_general_ci NOT NULL COMMENT '线索备注id',
  `noteContent` varchar(255) CHARACTER SET utf8 COLLATE utf8_general_ci NULL DEFAULT NULL COMMENT '备注内容',
  `createBy` varchar(255) CHARACTER SET utf8 COLLATE utf8_general_ci NULL DEFAULT NULL COMMENT '创建人',
  `createTime` char(19) CHARACTER SET utf8 COLLATE utf8_general_ci NULL DEFAULT NULL COMMENT '创建时间',
  `editBy` varchar(255) CHARACTER SET utf8 COLLATE utf8_general_ci NULL DEFAULT NULL COMMENT '修改人',
  `editTime` char(19) CHARACTER SET utf8 COLLATE utf8_general_ci NULL DEFAULT NULL COMMENT '修改时间',
  `editFlag` char(1) CHARACTER SET utf8 COLLATE utf8_general_ci NULL DEFAULT NULL COMMENT '修改标记',
  `clueId` char(32) CHARACTER SET utf8 COLLATE utf8_general_ci NULL DEFAULT NULL COMMENT '线索id',
  PRIMARY KEY (`id`) USING BTREE
) ENGINE = InnoDB CHARACTER SET = utf8 COLLATE = utf8_general_ci ROW_FORMAT = Dynamic;

-- ----------------------------
-- Records of tbl_clue_remark
-- ----------------------------
INSERT INTO `tbl_clue_remark` VALUES ('c453c84bc281409a91aaf822d617ab83', ' 琪琪1', NULL, NULL, NULL, NULL, NULL, '7599986ee6ca41098d998a7c4fb26b0b');

-- ----------------------------
-- Table structure for tbl_contacts
-- ----------------------------
DROP TABLE IF EXISTS `tbl_contacts`;
CREATE TABLE `tbl_contacts`  (
  `id` char(32) CHARACTER SET utf8 COLLATE utf8_general_ci NOT NULL COMMENT '联系人id',
  `owner` char(32) CHARACTER SET utf8 COLLATE utf8_general_ci NULL DEFAULT NULL COMMENT '拥有者',
  `source` varchar(255) CHARACTER SET utf8 COLLATE utf8_general_ci NULL DEFAULT NULL COMMENT '来源',
  `customerId` char(32) CHARACTER SET utf8 COLLATE utf8_general_ci NULL DEFAULT NULL COMMENT '顾客id',
  `fullname` varchar(255) CHARACTER SET utf8 COLLATE utf8_general_ci NULL DEFAULT NULL COMMENT '全称',
  `appellation` varchar(255) CHARACTER SET utf8 COLLATE utf8_general_ci NULL DEFAULT NULL COMMENT '称呼',
  `email` varchar(255) CHARACTER SET utf8 COLLATE utf8_general_ci NULL DEFAULT NULL COMMENT '邮箱',
  `mphone` varchar(255) CHARACTER SET utf8 COLLATE utf8_general_ci NULL DEFAULT NULL COMMENT '手机',
  `job` varchar(255) CHARACTER SET utf8 COLLATE utf8_general_ci NULL DEFAULT NULL COMMENT '职位',
  `birth` char(10) CHARACTER SET utf8 COLLATE utf8_general_ci NULL DEFAULT NULL COMMENT '生日',
  `createBy` varchar(255) CHARACTER SET utf8 COLLATE utf8_general_ci NULL DEFAULT NULL COMMENT '创建时间',
  `createTime` char(19) CHARACTER SET utf8 COLLATE utf8_general_ci NULL DEFAULT NULL,
  `editBy` varchar(255) CHARACTER SET utf8 COLLATE utf8_general_ci NULL DEFAULT NULL,
  `editTime` char(19) CHARACTER SET utf8 COLLATE utf8_general_ci NULL DEFAULT NULL,
  `description` varchar(255) CHARACTER SET utf8 COLLATE utf8_general_ci NULL DEFAULT NULL COMMENT '描述',
  `contactSummary` varchar(255) CHARACTER SET utf8 COLLATE utf8_general_ci NULL DEFAULT NULL COMMENT '联系纪要',
  `nextContactTime` char(10) CHARACTER SET utf8 COLLATE utf8_general_ci NULL DEFAULT NULL COMMENT '下次联系时间',
  `address` varchar(255) CHARACTER SET utf8 COLLATE utf8_general_ci NULL DEFAULT NULL COMMENT '地址',
  PRIMARY KEY (`id`) USING BTREE
) ENGINE = InnoDB CHARACTER SET = utf8 COLLATE = utf8_general_ci ROW_FORMAT = Dynamic;

-- ----------------------------
-- Records of tbl_contacts
-- ----------------------------
INSERT INTO `tbl_contacts` VALUES ('0d8a8aff02484910a31a04ddc5e7ce5e', '40f6cdea0bd34aceb77492a1656d9fb3', '销售邮件', '4f84d6c13c6c47f584c537b988cc7408', '马云', '夫人', '123@qq.com', '138111111', '传销头头', NULL, '张三', '2021-03-12 19:16:49', NULL, NULL, '描述', '纪要', '2021-03-25', '地址');

-- ----------------------------
-- Table structure for tbl_contacts_activity_relation
-- ----------------------------
DROP TABLE IF EXISTS `tbl_contacts_activity_relation`;
CREATE TABLE `tbl_contacts_activity_relation`  (
  `id` char(32) CHARACTER SET utf8 COLLATE utf8_general_ci NOT NULL,
  `contactsId` char(32) CHARACTER SET utf8 COLLATE utf8_general_ci NULL DEFAULT NULL,
  `activityId` char(32) CHARACTER SET utf8 COLLATE utf8_general_ci NULL DEFAULT NULL,
  PRIMARY KEY (`id`) USING BTREE
) ENGINE = InnoDB CHARACTER SET = utf8 COLLATE = utf8_general_ci ROW_FORMAT = Dynamic;

-- ----------------------------
-- Records of tbl_contacts_activity_relation
-- ----------------------------
INSERT INTO `tbl_contacts_activity_relation` VALUES ('21c1d92f40214dca9150b1d73aab452b', '0d8a8aff02484910a31a04ddc5e7ce5e', '41287cc34e134b979022910605b14eff');
INSERT INTO `tbl_contacts_activity_relation` VALUES ('29cf861d2a1e4771907cdbb47db97c5c', '0d8a8aff02484910a31a04ddc5e7ce5e', '0a6355bfa6154f00994667eacbe50148');

-- ----------------------------
-- Table structure for tbl_contacts_remark
-- ----------------------------
DROP TABLE IF EXISTS `tbl_contacts_remark`;
CREATE TABLE `tbl_contacts_remark`  (
  `id` char(32) CHARACTER SET utf8 COLLATE utf8_general_ci NOT NULL,
  `noteContent` varchar(255) CHARACTER SET utf8 COLLATE utf8_general_ci NULL DEFAULT NULL,
  `createBy` varchar(255) CHARACTER SET utf8 COLLATE utf8_general_ci NULL DEFAULT NULL,
  `createTime` char(19) CHARACTER SET utf8 COLLATE utf8_general_ci NULL DEFAULT NULL,
  `editBy` varchar(255) CHARACTER SET utf8 COLLATE utf8_general_ci NULL DEFAULT NULL,
  `editTime` char(19) CHARACTER SET utf8 COLLATE utf8_general_ci NULL DEFAULT NULL,
  `editFlag` char(1) CHARACTER SET utf8 COLLATE utf8_general_ci NULL DEFAULT NULL,
  `contactsId` char(32) CHARACTER SET utf8 COLLATE utf8_general_ci NULL DEFAULT NULL,
  PRIMARY KEY (`id`) USING BTREE
) ENGINE = InnoDB CHARACTER SET = utf8 COLLATE = utf8_general_ci ROW_FORMAT = Dynamic;

-- ----------------------------
-- Records of tbl_contacts_remark
-- ----------------------------
INSERT INTO `tbl_contacts_remark` VALUES ('cb427e78ca764fb1b8b5799aafaba15c', '马云1', '张三', '2021-03-12 19:16:49', NULL, NULL, '0', '0d8a8aff02484910a31a04ddc5e7ce5e');
INSERT INTO `tbl_contacts_remark` VALUES ('dceac445bf3446fe9e735cf624c481b0', '马云2', '张三', '2021-03-12 19:16:49', NULL, NULL, '0', '0d8a8aff02484910a31a04ddc5e7ce5e');

-- ----------------------------
-- Table structure for tbl_customer
-- ----------------------------
DROP TABLE IF EXISTS `tbl_customer`;
CREATE TABLE `tbl_customer`  (
  `id` char(32) CHARACTER SET utf8 COLLATE utf8_general_ci NOT NULL COMMENT '公司客户id',
  `owner` char(32) CHARACTER SET utf8 COLLATE utf8_general_ci NULL DEFAULT NULL COMMENT '拥有者',
  `name` varchar(255) CHARACTER SET utf8 COLLATE utf8_general_ci NULL DEFAULT NULL COMMENT '名称',
  `website` varchar(255) CHARACTER SET utf8 COLLATE utf8_general_ci NULL DEFAULT NULL COMMENT '网站',
  `phone` varchar(255) CHARACTER SET utf8 COLLATE utf8_general_ci NULL DEFAULT NULL COMMENT '座机',
  `createBy` varchar(255) CHARACTER SET utf8 COLLATE utf8_general_ci NULL DEFAULT NULL COMMENT '创建人',
  `createTime` char(19) CHARACTER SET utf8 COLLATE utf8_general_ci NULL DEFAULT NULL COMMENT '创建时间',
  `editBy` varchar(255) CHARACTER SET utf8 COLLATE utf8_general_ci NULL DEFAULT NULL COMMENT '修改人',
  `editTime` char(19) CHARACTER SET utf8 COLLATE utf8_general_ci NULL DEFAULT NULL COMMENT '修改时间',
  `contactSummary` varchar(255) CHARACTER SET utf8 COLLATE utf8_general_ci NULL DEFAULT NULL COMMENT '纪要',
  `nextContactTime` char(10) CHARACTER SET utf8 COLLATE utf8_general_ci NULL DEFAULT NULL COMMENT '下次联系时间',
  `description` varchar(255) CHARACTER SET utf8 COLLATE utf8_general_ci NULL DEFAULT NULL COMMENT '描述',
  `address` varchar(255) CHARACTER SET utf8 COLLATE utf8_general_ci NULL DEFAULT NULL COMMENT '地址',
  PRIMARY KEY (`id`) USING BTREE
) ENGINE = InnoDB CHARACTER SET = utf8 COLLATE = utf8_general_ci ROW_FORMAT = Dynamic;

-- ----------------------------
-- Records of tbl_customer
-- ----------------------------
INSERT INTO `tbl_customer` VALUES ('3f8f5c23c31c4a7387aa13d934c5f739', '40f6cdea0bd34aceb77492a1656d9fb3', '游客0023', NULL, NULL, '张三', '2021-03-13 02:08:59', NULL, NULL, '纪要', '2021-03-22', NULL, NULL);
INSERT INTO `tbl_customer` VALUES ('4f84d6c13c6c47f584c537b988cc7408', '40f6cdea0bd34aceb77492a1656d9fb3', '阿里巴巴', 'alibaba.com', '023111111', '张三', '2021-03-12 19:16:49', NULL, NULL, '纪要', '2021-03-25', '描述', '地址');

-- ----------------------------
-- Table structure for tbl_customer_remark
-- ----------------------------
DROP TABLE IF EXISTS `tbl_customer_remark`;
CREATE TABLE `tbl_customer_remark`  (
  `id` char(32) CHARACTER SET utf8 COLLATE utf8_general_ci NOT NULL,
  `noteContent` varchar(255) CHARACTER SET utf8 COLLATE utf8_general_ci NULL DEFAULT NULL,
  `createBy` varchar(255) CHARACTER SET utf8 COLLATE utf8_general_ci NULL DEFAULT NULL,
  `createTime` char(19) CHARACTER SET utf8 COLLATE utf8_general_ci NULL DEFAULT NULL,
  `editBy` varchar(255) CHARACTER SET utf8 COLLATE utf8_general_ci NULL DEFAULT NULL,
  `editTime` char(19) CHARACTER SET utf8 COLLATE utf8_general_ci NULL DEFAULT NULL,
  `editFlag` char(1) CHARACTER SET utf8 COLLATE utf8_general_ci NULL DEFAULT NULL,
  `customerId` char(32) CHARACTER SET utf8 COLLATE utf8_general_ci NULL DEFAULT NULL,
  PRIMARY KEY (`id`) USING BTREE
) ENGINE = InnoDB CHARACTER SET = utf8 COLLATE = utf8_general_ci ROW_FORMAT = Dynamic;

-- ----------------------------
-- Records of tbl_customer_remark
-- ----------------------------
INSERT INTO `tbl_customer_remark` VALUES ('5529a36f228841e2b5e906d501ad2c04', '马云1', '张三', '2021-03-12 19:18:32', NULL, NULL, '0', '4f84d6c13c6c47f584c537b988cc7408');
INSERT INTO `tbl_customer_remark` VALUES ('55c8a4559ddb481f947d084404bb8c9c', '马云2', '张三', '2021-03-12 19:16:49', NULL, NULL, '0', '4f84d6c13c6c47f584c537b988cc7408');
INSERT INTO `tbl_customer_remark` VALUES ('e4ff4d1ab9e54d15b0ed05b37131d6a5', '马云2', '张三', '2021-03-12 19:18:32', NULL, NULL, '0', '4f84d6c13c6c47f584c537b988cc7408');
INSERT INTO `tbl_customer_remark` VALUES ('fd6f9797f1184c28adc7ddcf9256a976', '马云1', '张三', '2021-03-12 19:16:49', NULL, NULL, '0', '4f84d6c13c6c47f584c537b988cc7408');

-- ----------------------------
-- Table structure for tbl_dic_type
-- ----------------------------
DROP TABLE IF EXISTS `tbl_dic_type`;
CREATE TABLE `tbl_dic_type`  (
  `code` varchar(255) CHARACTER SET utf8 COLLATE utf8_general_ci NOT NULL COMMENT '编码是主键，不能为空，不能含有中文。',
  `name` varchar(255) CHARACTER SET utf8 COLLATE utf8_general_ci NULL DEFAULT NULL,
  `description` varchar(255) CHARACTER SET utf8 COLLATE utf8_general_ci NULL DEFAULT NULL,
  PRIMARY KEY (`code`) USING BTREE
) ENGINE = InnoDB CHARACTER SET = utf8 COLLATE = utf8_general_ci ROW_FORMAT = Dynamic;

-- ----------------------------
-- Records of tbl_dic_type
-- ----------------------------
INSERT INTO `tbl_dic_type` VALUES ('appellation', '称呼', '');
INSERT INTO `tbl_dic_type` VALUES ('clueState', '线索状态', '');
INSERT INTO `tbl_dic_type` VALUES ('returnPriority', '回访优先级', '');
INSERT INTO `tbl_dic_type` VALUES ('returnState', '回访状态', '');
INSERT INTO `tbl_dic_type` VALUES ('source', '来源', '');
INSERT INTO `tbl_dic_type` VALUES ('stage', '阶段', '');
INSERT INTO `tbl_dic_type` VALUES ('transactionType', '交易类型', '');

-- ----------------------------
-- Table structure for tbl_dic_value
-- ----------------------------
DROP TABLE IF EXISTS `tbl_dic_value`;
CREATE TABLE `tbl_dic_value`  (
  `id` char(32) CHARACTER SET utf8 COLLATE utf8_general_ci NOT NULL COMMENT '主键，采用UUID',
  `value` varchar(255) CHARACTER SET utf8 COLLATE utf8_general_ci NULL DEFAULT NULL COMMENT '不能为空，并且要求同一个字典类型下字典值不能重复，具有唯一性。',
  `text` varchar(255) CHARACTER SET utf8 COLLATE utf8_general_ci NULL DEFAULT NULL COMMENT '可以为空',
  `orderNo` varchar(255) CHARACTER SET utf8 COLLATE utf8_general_ci NULL DEFAULT NULL COMMENT '可以为空，但不为空的时候，要求必须是正整数',
  `typeCode` varchar(255) CHARACTER SET utf8 COLLATE utf8_general_ci NULL DEFAULT NULL COMMENT '外键',
  PRIMARY KEY (`id`) USING BTREE
) ENGINE = InnoDB CHARACTER SET = utf8 COLLATE = utf8_general_ci ROW_FORMAT = Dynamic;

-- ----------------------------
-- Records of tbl_dic_value
-- ----------------------------
INSERT INTO `tbl_dic_value` VALUES ('06e3cbdf10a44eca8511dddfc6896c55', '虚假线索', '虚假线索', '4', 'clueState');
INSERT INTO `tbl_dic_value` VALUES ('0fe33840c6d84bf78df55d49b169a894', '销售邮件', '销售邮件', '8', 'source');
INSERT INTO `tbl_dic_value` VALUES ('12302fd42bd349c1bb768b19600e6b20', '交易会', '交易会', '11', 'source');
INSERT INTO `tbl_dic_value` VALUES ('1615f0bb3e604552a86cde9a2ad45bea', '最高', '最高', '2', 'returnPriority');
INSERT INTO `tbl_dic_value` VALUES ('176039d2a90e4b1a81c5ab8707268636', '教授', '教授', '5', 'appellation');
INSERT INTO `tbl_dic_value` VALUES ('1e0bd307e6ee425599327447f8387285', '将来联系', '将来联系', '2', 'clueState');
INSERT INTO `tbl_dic_value` VALUES ('2173663b40b949ce928db92607b5fe57', '丢失线索', '丢失线索', '5', 'clueState');
INSERT INTO `tbl_dic_value` VALUES ('2876690b7e744333b7f1867102f91153', '未启动', '未启动', '1', 'returnState');
INSERT INTO `tbl_dic_value` VALUES ('29805c804dd94974b568cfc9017b2e4c', '07成交', '07成交', '7', 'stage');
INSERT INTO `tbl_dic_value` VALUES ('310e6a49bd8a4962b3f95a1d92eb76f4', '试图联系', '试图联系', '1', 'clueState');
INSERT INTO `tbl_dic_value` VALUES ('31539e7ed8c848fc913e1c2c93d76fd1', '博士', '博士', '4', 'appellation');
INSERT INTO `tbl_dic_value` VALUES ('37ef211719134b009e10b7108194cf46', '01资质审查', '01资质审查', '1', 'stage');
INSERT INTO `tbl_dic_value` VALUES ('391807b5324d4f16bd58c882750ee632', '08丢失的线索', '08丢失的线索', '8', 'stage');
INSERT INTO `tbl_dic_value` VALUES ('3a39605d67da48f2a3ef52e19d243953', '聊天', '聊天', '14', 'source');
INSERT INTO `tbl_dic_value` VALUES ('474ab93e2e114816abf3ffc596b19131', '低', '低', '3', 'returnPriority');
INSERT INTO `tbl_dic_value` VALUES ('48512bfed26145d4a38d3616e2d2cf79', '广告', '广告', '1', 'source');
INSERT INTO `tbl_dic_value` VALUES ('4d03a42898684135809d380597ed3268', '合作伙伴研讨会', '合作伙伴研讨会', '9', 'source');
INSERT INTO `tbl_dic_value` VALUES ('59795c49896947e1ab61b7312bd0597c', '先生', '先生', '1', 'appellation');
INSERT INTO `tbl_dic_value` VALUES ('5c6e9e10ca414bd499c07b886f86202a', '高', '高', '1', 'returnPriority');
INSERT INTO `tbl_dic_value` VALUES ('67165c27076e4c8599f42de57850e39c', '夫人', '夫人', '2', 'appellation');
INSERT INTO `tbl_dic_value` VALUES ('68a1b1e814d5497a999b8f1298ace62b', '09因竞争丢失关闭', '09因竞争丢失关闭', '9', 'stage');
INSERT INTO `tbl_dic_value` VALUES ('6b86f215e69f4dbd8a2daa22efccf0cf', 'web调研', 'web调研', '13', 'source');
INSERT INTO `tbl_dic_value` VALUES ('72f13af8f5d34134b5b3f42c5d477510', '合作伙伴', '合作伙伴', '6', 'source');
INSERT INTO `tbl_dic_value` VALUES ('7c07db3146794c60bf975749952176df', '未联系', '未联系', '6', 'clueState');
INSERT INTO `tbl_dic_value` VALUES ('86c56aca9eef49058145ec20d5466c17', '内部研讨会', '内部研讨会', '10', 'source');
INSERT INTO `tbl_dic_value` VALUES ('9095bda1f9c34f098d5b92fb870eba17', '进行中', '进行中', '3', 'returnState');
INSERT INTO `tbl_dic_value` VALUES ('954b410341e7433faa468d3c4f7cf0d2', '已有业务', '已有业务', '1', 'transactionType');
INSERT INTO `tbl_dic_value` VALUES ('966170ead6fa481284b7d21f90364984', '已联系', '已联系', '3', 'clueState');
INSERT INTO `tbl_dic_value` VALUES ('96b03f65dec748caa3f0b6284b19ef2f', '推迟', '推迟', '2', 'returnState');
INSERT INTO `tbl_dic_value` VALUES ('97d1128f70294f0aac49e996ced28c8a', '新业务', '新业务', '2', 'transactionType');
INSERT INTO `tbl_dic_value` VALUES ('9ca96290352c40688de6596596565c12', '完成', '完成', '4', 'returnState');
INSERT INTO `tbl_dic_value` VALUES ('9e6d6e15232549af853e22e703f3e015', '需要条件', '需要条件', '7', 'clueState');
INSERT INTO `tbl_dic_value` VALUES ('9ff57750fac04f15b10ce1bbb5bb8bab', '02需求分析', '02需求分析', '2', 'stage');
INSERT INTO `tbl_dic_value` VALUES ('a70dc4b4523040c696f4421462be8b2f', '等待某人', '等待某人', '5', 'returnState');
INSERT INTO `tbl_dic_value` VALUES ('a83e75ced129421dbf11fab1f05cf8b4', '推销电话', '推销电话', '2', 'source');
INSERT INTO `tbl_dic_value` VALUES ('ab8472aab5de4ae9b388b2f1409441c1', '常规', '常规', '5', 'returnPriority');
INSERT INTO `tbl_dic_value` VALUES ('ab8c2a3dc05f4e3dbc7a0405f721b040', '05提案/报价', '05提案/报价', '5', 'stage');
INSERT INTO `tbl_dic_value` VALUES ('b924d911426f4bc5ae3876038bc7e0ad', 'web下载', 'web下载', '12', 'source');
INSERT INTO `tbl_dic_value` VALUES ('c13ad8f9e2f74d5aa84697bb243be3bb', '03价值建议', '03价值建议', '3', 'stage');
INSERT INTO `tbl_dic_value` VALUES ('c83c0be184bc40708fd7b361b6f36345', '最低', '最低', '4', 'returnPriority');
INSERT INTO `tbl_dic_value` VALUES ('db867ea866bc44678ac20c8a4a8bfefb', '员工介绍', '员工介绍', '3', 'source');
INSERT INTO `tbl_dic_value` VALUES ('e44be1d99158476e8e44778ed36f4355', '04确定决策者', '04确定决策者', '4', 'stage');
INSERT INTO `tbl_dic_value` VALUES ('e5f383d2622b4fc0959f4fe131dafc80', '女士', '女士', '3', 'appellation');
INSERT INTO `tbl_dic_value` VALUES ('e81577d9458f4e4192a44650a3a3692b', '06谈判/复审', '06谈判/复审', '6', 'stage');
INSERT INTO `tbl_dic_value` VALUES ('fb65d7fdb9c6483db02713e6bc05dd19', '在线商场', '在线商场', '5', 'source');
INSERT INTO `tbl_dic_value` VALUES ('fd677cc3b5d047d994e16f6ece4d3d45', '公开媒介', '公开媒介', '7', 'source');
INSERT INTO `tbl_dic_value` VALUES ('ff802a03ccea4ded8731427055681d48', '外部介绍', '外部介绍', '4', 'source');

-- ----------------------------
-- Table structure for tbl_tran
-- ----------------------------
DROP TABLE IF EXISTS `tbl_tran`;
CREATE TABLE `tbl_tran`  (
  `id` char(32) CHARACTER SET utf8 COLLATE utf8_general_ci NOT NULL COMMENT '交易id',
  `owner` char(32) CHARACTER SET utf8 COLLATE utf8_general_ci NULL DEFAULT NULL COMMENT '拥有者',
  `money` varchar(255) CHARACTER SET utf8 COLLATE utf8_general_ci NULL DEFAULT NULL COMMENT '金额',
  `name` varchar(255) CHARACTER SET utf8 COLLATE utf8_general_ci NULL DEFAULT NULL COMMENT '交易名称',
  `expectedDate` char(10) CHARACTER SET utf8 COLLATE utf8_general_ci NULL DEFAULT NULL COMMENT '预计成交日期',
  `customerId` char(32) CHARACTER SET utf8 COLLATE utf8_general_ci NULL DEFAULT NULL,
  `stage` varchar(255) CHARACTER SET utf8 COLLATE utf8_general_ci NULL DEFAULT NULL,
  `type` varchar(255) CHARACTER SET utf8 COLLATE utf8_general_ci NULL DEFAULT NULL,
  `source` varchar(255) CHARACTER SET utf8 COLLATE utf8_general_ci NULL DEFAULT NULL,
  `activityId` char(32) CHARACTER SET utf8 COLLATE utf8_general_ci NULL DEFAULT NULL,
  `contactsId` char(32) CHARACTER SET utf8 COLLATE utf8_general_ci NULL DEFAULT NULL,
  `createBy` varchar(255) CHARACTER SET utf8 COLLATE utf8_general_ci NULL DEFAULT NULL,
  `createTime` char(19) CHARACTER SET utf8 COLLATE utf8_general_ci NULL DEFAULT NULL,
  `editBy` varchar(255) CHARACTER SET utf8 COLLATE utf8_general_ci NULL DEFAULT NULL,
  `editTime` char(19) CHARACTER SET utf8 COLLATE utf8_general_ci NULL DEFAULT NULL,
  `description` varchar(255) CHARACTER SET utf8 COLLATE utf8_general_ci NULL DEFAULT NULL,
  `contactSummary` varchar(255) CHARACTER SET utf8 COLLATE utf8_general_ci NULL DEFAULT NULL,
  `nextContactTime` char(10) CHARACTER SET utf8 COLLATE utf8_general_ci NULL DEFAULT NULL,
  PRIMARY KEY (`id`) USING BTREE
) ENGINE = InnoDB CHARACTER SET = utf8 COLLATE = utf8_general_ci ROW_FORMAT = Dynamic;

-- ----------------------------
-- Records of tbl_tran
-- ----------------------------
INSERT INTO `tbl_tran` VALUES ('5b055a691cab4c40b0d1b87facff57d1', '40f6cdea0bd34aceb77492a1656d9fb3', '666', 'py交易', '2021-03-31', '4f84d6c13c6c47f584c537b988cc7408', '04确定决策者', '已有业务', '销售邮件', '0a6355bfa6154f00994667eacbe50148', '0d8a8aff02484910a31a04ddc5e7ce5e', '张三', '2021-03-12 19:16:49', '张三', '2021-03-28 05:36:05', '描述', '纪要', '2021-03-25');
INSERT INTO `tbl_tran` VALUES ('5f930327017843d99cdd0e62aae7fc43', '40f6cdea0bd34aceb77492a1656d9fb3', '1000', '交易demo', '2021-03-24', '3f8f5c23c31c4a7387aa13d934c5f739', '02需求分析', '已有业务', '广告', '0a6355bfa6154f00994667eacbe50148', '0d8a8aff02484910a31a04ddc5e7ce5e', '张三', '2021-03-13 02:08:59', NULL, NULL, '描述', '纪要', '2021-03-22');

-- ----------------------------
-- Table structure for tbl_tran_history
-- ----------------------------
DROP TABLE IF EXISTS `tbl_tran_history`;
CREATE TABLE `tbl_tran_history`  (
  `id` char(32) CHARACTER SET utf8 COLLATE utf8_general_ci NOT NULL COMMENT '交易历史id',
  `stage` varchar(255) CHARACTER SET utf8 COLLATE utf8_general_ci NULL DEFAULT NULL COMMENT '交易阶段',
  `money` varchar(255) CHARACTER SET utf8 COLLATE utf8_general_ci NULL DEFAULT NULL COMMENT '金额',
  `expectedDate` char(10) CHARACTER SET utf8 COLLATE utf8_general_ci NULL DEFAULT NULL COMMENT '预期',
  `createTime` char(19) CHARACTER SET utf8 COLLATE utf8_general_ci NULL DEFAULT NULL,
  `createBy` varchar(255) CHARACTER SET utf8 COLLATE utf8_general_ci NULL DEFAULT NULL,
  `tranId` char(32) CHARACTER SET utf8 COLLATE utf8_general_ci NULL DEFAULT NULL COMMENT '交易id',
  PRIMARY KEY (`id`) USING BTREE
) ENGINE = InnoDB CHARACTER SET = utf8 COLLATE = utf8_general_ci ROW_FORMAT = Dynamic;

-- ----------------------------
-- Records of tbl_tran_history
-- ----------------------------
INSERT INTO `tbl_tran_history` VALUES ('4618daa9d1ac414fac9e79f93c30153a', '02需求分析', '1000', '2021-03-24', '2021-03-13 02:08:59', '张三', '5f930327017843d99cdd0e62aae7fc43');
INSERT INTO `tbl_tran_history` VALUES ('4a88d5fbc42744279b165e54609abda1', '04确定决策者', '666', '2021-03-31', '2021-03-14 02:18:54', '张三', '5b055a691cab4c40b0d1b87facff57d1');
INSERT INTO `tbl_tran_history` VALUES ('5983cfa0fe2d4e5196236afdb6b7d28d', '03价值建议', '666', '2021-03-31', '2021-03-12 19:16:49', '张三', '5b055a691cab4c40b0d1b87facff57d1');
INSERT INTO `tbl_tran_history` VALUES ('d97e340f623849549661ea0bbcffff03', '04确定决策者', '666', '2021-03-31', '2021-03-28 05:36:05', '张三', '5b055a691cab4c40b0d1b87facff57d1');

-- ----------------------------
-- Table structure for tbl_tran_remark
-- ----------------------------
DROP TABLE IF EXISTS `tbl_tran_remark`;
CREATE TABLE `tbl_tran_remark`  (
  `id` char(32) CHARACTER SET utf8 COLLATE utf8_general_ci NOT NULL,
  `noteContent` varchar(255) CHARACTER SET utf8 COLLATE utf8_general_ci NULL DEFAULT NULL,
  `createBy` varchar(255) CHARACTER SET utf8 COLLATE utf8_general_ci NULL DEFAULT NULL,
  `createTime` char(19) CHARACTER SET utf8 COLLATE utf8_general_ci NULL DEFAULT NULL,
  `editBy` varchar(255) CHARACTER SET utf8 COLLATE utf8_general_ci NULL DEFAULT NULL,
  `editTime` char(19) CHARACTER SET utf8 COLLATE utf8_general_ci NULL DEFAULT NULL,
  `editFlag` char(1) CHARACTER SET utf8 COLLATE utf8_general_ci NULL DEFAULT NULL,
  `tranId` char(32) CHARACTER SET utf8 COLLATE utf8_general_ci NULL DEFAULT NULL,
  PRIMARY KEY (`id`) USING BTREE
) ENGINE = InnoDB CHARACTER SET = utf8 COLLATE = utf8_general_ci ROW_FORMAT = Dynamic;

-- ----------------------------
-- Records of tbl_tran_remark
-- ----------------------------

-- ----------------------------
-- Table structure for tbl_user
-- ----------------------------
DROP TABLE IF EXISTS `tbl_user`;
CREATE TABLE `tbl_user`  (
  `id` char(32) CHARACTER SET utf8 COLLATE utf8_general_ci NOT NULL COMMENT 'uuid\r\n            ',
  `loginAct` varchar(255) CHARACTER SET utf8 COLLATE utf8_general_ci NULL DEFAULT NULL,
  `name` varchar(255) CHARACTER SET utf8 COLLATE utf8_general_ci NULL DEFAULT NULL,
  `loginPwd` varchar(255) CHARACTER SET utf8 COLLATE utf8_general_ci NULL DEFAULT NULL COMMENT '密码不能采用明文存储，采用密文，MD5加密之后的数据',
  `email` varchar(255) CHARACTER SET utf8 COLLATE utf8_general_ci NULL DEFAULT NULL,
  `expireTime` char(19) CHARACTER SET utf8 COLLATE utf8_general_ci NULL DEFAULT NULL COMMENT '失效时间为空的时候表示永不失效，失效时间为2018-10-10 10:10:10，则表示在该时间之前该账户可用。',
  `lockState` char(1) CHARACTER SET utf8 COLLATE utf8_general_ci NULL DEFAULT NULL COMMENT '锁定状态为空时表示启用，为0时表示锁定，为1时表示启用。',
  `deptno` char(4) CHARACTER SET utf8 COLLATE utf8_general_ci NULL DEFAULT NULL,
  `allowIps` varchar(255) CHARACTER SET utf8 COLLATE utf8_general_ci NULL DEFAULT NULL COMMENT '允许访问的IP为空时表示IP地址永不受限，允许访问的IP可以是一个，也可以是多个，当多个IP地址的时候，采用半角逗号分隔。允许IP是192.168.100.2，表示该用户只能在IP地址为192.168.100.2的机器上使用。',
  `createTime` char(19) CHARACTER SET utf8 COLLATE utf8_general_ci NULL DEFAULT NULL,
  `createBy` varchar(255) CHARACTER SET utf8 COLLATE utf8_general_ci NULL DEFAULT NULL,
  `editTime` char(19) CHARACTER SET utf8 COLLATE utf8_general_ci NULL DEFAULT NULL,
  `editBy` varchar(255) CHARACTER SET utf8 COLLATE utf8_general_ci NULL DEFAULT NULL,
  PRIMARY KEY (`id`) USING BTREE
) ENGINE = InnoDB CHARACTER SET = utf8 COLLATE = utf8_general_ci ROW_FORMAT = Dynamic;

-- ----------------------------
-- Records of tbl_user
-- ----------------------------
INSERT INTO `tbl_user` VALUES ('06f5fc056eac41558a964f96daa7f27c', 'ls', '李四', '202cb962ac59075b964b07152d234b70', 'ls@163.com', '2018-11-27 21:50:05', '1', 'A001', '192.168.1.1', '2018-11-22 12:11:40', '李四', NULL, NULL);
INSERT INTO `tbl_user` VALUES ('40f6cdea0bd34aceb77492a1656d9fb3', 'zs', '张三', '202cb962ac59075b964b07152d234b70', 'zs@qq.com', '2022-11-30 23:50:55', '1', 'A001', '192.168.1.1,192.168.1.2,127.0.0.1,192.168.0.1,192.168.0.104', '2018-11-22 11:37:34', '张三', NULL, NULL);

SET FOREIGN_KEY_CHECKS = 1;
